[
  {
    "id": "84e422b7-e5f7-44f8-83c2-69f2ee74d469",
    "data": [
      {
        "text": "black",
        "alias": "color",
        "meta": "@sys.color",
        "userDefined": false
      },
      {
        "text": " is my favorite color",
        "userDefined": false
      }
    ],
    "isTemplate": false,
    "count": 0,
    "updated": 1523345036
  },
  {
    "id": "b8dffc24-321c-4dc9-8fc4-a84ff27eef48",
    "data": [
      {
        "text": "orange is my favorite",
        "userDefined": false
      }
    ],
    "isTemplate": false,
    "count": 0,
    "updated": 1523345036
  },
  {
    "id": "1c3798fe-0e88-452a-9fbc-1d478bd2e7ae",
    "data": [
      {
        "text": "i love ",
        "userDefined": false
      },
      {
        "text": "yellow",
        "alias": "color",
        "meta": "@sys.color",
        "userDefined": false
      }
    ],
    "isTemplate": false,
    "count": 0,
    "updated": 1523345036
  },
  {
    "id": "25ab7570-01a0-4ec9-9ebe-ea31f65e4c2d",
    "data": [
      {
        "text": "pink",
        "alias": "color",
        "meta": "@sys.color",
        "userDefined": false
      }
    ],
    "isTemplate": false,
    "count": 0,
    "updated": 1523257617
  },
  {
    "id": "6be9b96b-054e-4dab-8867-fba98a68f951",
    "data": [
      {
        "text": "my favorite color is ",
        "userDefined": false
      },
      {
        "text": "green",
        "alias": "color",
        "meta": "@sys.color",
        "userDefined": false
      }
    ],
    "isTemplate": false,
    "count": 0,
    "updated": 1523257617
  }
]