[
  {
    "id": "d8d06db0-6712-42de-a84d-50cd712fbbb2",
    "data": [
      {
        "text": "orange",
        "alias": "color",
        "meta": "@sys.color",
        "userDefined": true
      },
      {
        "text": " is my favorite",
        "userDefined": false
      }
    ],
    "isTemplate": false,
    "count": 0,
    "updated": 1523395048
  },
  {
    "id": "958c7769-63d2-4108-b4d3-f930cf4333e8",
    "data": [
      {
        "text": "I love ",
        "userDefined": false
      },
      {
        "text": "yellow",
        "alias": "color",
        "meta": "@sys.color",
        "userDefined": false
      }
    ],
    "isTemplate": false,
    "count": 1,
    "updated": 1523395048
  },
  {
    "id": "028855b6-94d1-4472-84d2-1a56e45119d8",
    "data": [
      {
        "text": "pink",
        "alias": "color",
        "meta": "@sys.color",
        "userDefined": false
      }
    ],
    "isTemplate": false,
    "count": 0,
    "updated": 1523259353
  },
  {
    "id": "c5fdba27-4794-416b-887d-8656f7b64327",
    "data": [
      {
        "text": "my favorite color is ",
        "userDefined": false
      },
      {
        "text": "green",
        "alias": "color",
        "meta": "@sys.color",
        "userDefined": false
      }
    ],
    "isTemplate": false,
    "count": 0,
    "updated": 1523259353
  }
]