[
  {
    "id": "039023aa-7fcd-4126-8383-0967ae28329b",
    "data": [
      {
        "text": "Nope",
        "userDefined": false
      }
    ],
    "isTemplate": false,
    "count": 0,
    "updated": 1533023581
  },
  {
    "id": "82da0002-9260-43bb-87a9-435962c1f80d",
    "data": [
      {
        "text": "No",
        "userDefined": false
      }
    ],
    "isTemplate": false,
    "count": 0,
    "updated": 1533023581
  },
  {
    "id": "bd55199b-dbdd-425b-ad4e-ae7ad3548628",
    "data": [
      {
        "text": "No thanks",
        "userDefined": false
      }
    ],
    "isTemplate": false,
    "count": 0,
    "updated": 1533023581
  },
  {
    "id": "2f50d07a-65d5-4209-bd69-8b4efaef128c",
    "data": [
      {
        "text": "See you",
        "userDefined": false
      }
    ],
    "isTemplate": false,
    "count": 0,
    "updated": 1533023581
  },
  {
    "id": "eb56458b-764a-48e7-a9b5-5c12032a0ea7",
    "data": [
      {
        "text": "I\u0027m done",
        "userDefined": false
      }
    ],
    "isTemplate": false,
    "count": 0,
    "updated": 1533023581
  },
  {
    "id": "d98ac901-b97c-4896-b783-0f5be297c982",
    "data": [
      {
        "text": "I\u0027m all set",
        "userDefined": false
      }
    ],
    "isTemplate": false,
    "count": 0,
    "updated": 1533023581
  },
  {
    "id": "56c8e1e6-c33b-4d39-9c75-b3dafda742cd",
    "data": [
      {
        "text": "Goodbye",
        "userDefined": false
      }
    ],
    "isTemplate": false,
    "count": 0,
    "updated": 1533023581
  }
]