[
  {
    "id": "c2a57727-682a-4af1-97f3-dcd0d81e1e80",
    "data": [
      {
        "text": " Arrivederci",
        "userDefined": false
      }
    ],
    "isTemplate": false,
    "count": 0,
    "updated": 1534446953
  },
  {
    "id": "aecc27e8-c681-48e2-8139-57dc15fb4600",
    "data": [
      {
        "text": " Ho fatto",
        "userDefined": false
      }
    ],
    "isTemplate": false,
    "count": 0,
    "updated": 1534446953
  },
  {
    "id": "9b471249-fd1b-4e38-b00a-c149576ada61",
    "data": [
      {
        "text": " Ho finito",
        "userDefined": false
      }
    ],
    "isTemplate": false,
    "count": 0,
    "updated": 1534446953
  },
  {
    "id": "a95b3a52-77da-486a-90f0-d1f4dde5e14a",
    "data": [
      {
        "text": " Ci vediamo",
        "userDefined": false
      }
    ],
    "isTemplate": false,
    "count": 0,
    "updated": 1534446953
  },
  {
    "id": "ee36e2d2-3439-4566-a333-dde05ea84c0b",
    "data": [
      {
        "text": " No grazie",
        "userDefined": false
      }
    ],
    "isTemplate": false,
    "count": 0,
    "updated": 1534446953
  },
  {
    "id": "ce8e93d3-971c-4eb8-989b-823c28bb6bb0",
    "data": [
      {
        "text": "Nah",
        "userDefined": false
      }
    ],
    "isTemplate": false,
    "count": 0,
    "updated": 1534446953
  },
  {
    "id": "119e6f4a-d0dd-4b85-bb92-ed5cbdd292f3",
    "data": [
      {
        "text": "No",
        "userDefined": false
      }
    ],
    "isTemplate": false,
    "count": 0,
    "updated": 1534446953
  }
]