[
  {
    "id": "f40ffa5a-6c36-4c33-a349-89922423425f",
    "data": [
      {
        "text": "Nope",
        "userDefined": false
      }
    ],
    "isTemplate": false,
    "count": 0,
    "updated": 1533023581
  },
  {
    "id": "164aa855-7d88-4f60-84bb-d55bd2ad519e",
    "data": [
      {
        "text": "No",
        "userDefined": false
      }
    ],
    "isTemplate": false,
    "count": 0,
    "updated": 1533023581
  },
  {
    "id": "3d2b9c4f-4556-4fe9-9097-4b1bb7a9f008",
    "data": [
      {
        "text": "No thanks",
        "userDefined": false
      }
    ],
    "isTemplate": false,
    "count": 0,
    "updated": 1533023581
  },
  {
    "id": "37e74158-755e-4502-8a34-2e30f359b290",
    "data": [
      {
        "text": "See you",
        "userDefined": false
      }
    ],
    "isTemplate": false,
    "count": 0,
    "updated": 1533023581
  },
  {
    "id": "2401fdb5-d765-4d07-8d87-7918c5cdef7e",
    "data": [
      {
        "text": "I\u0027m done",
        "userDefined": false
      }
    ],
    "isTemplate": false,
    "count": 0,
    "updated": 1533023581
  },
  {
    "id": "924f924a-92f7-4fa9-8fd3-c485a2d56719",
    "data": [
      {
        "text": "I\u0027m all set",
        "userDefined": false
      }
    ],
    "isTemplate": false,
    "count": 0,
    "updated": 1533023581
  },
  {
    "id": "5e23923c-5245-4001-a8b4-5bac67ea62b3",
    "data": [
      {
        "text": "Goodbye",
        "userDefined": false
      }
    ],
    "isTemplate": false,
    "count": 0,
    "updated": 1533023581
  }
]