[
  {
    "id": "17278bcf-5ec1-47e4-9cf4-dc0248af4c5e",
    "data": [
      {
        "text": "I don\u0027t want that",
        "userDefined": false
      }
    ],
    "isTemplate": false,
    "count": 0,
    "updated": 1520470718
  },
  {
    "id": "4b1a6581-0394-4979-8e65-6410b775d38d",
    "data": [
      {
        "text": "don\u0027t do it",
        "userDefined": false
      }
    ],
    "isTemplate": false,
    "count": 0,
    "updated": 1520470718
  },
  {
    "id": "1e57a384-7695-4774-9c75-59a971b5f13f",
    "data": [
      {
        "text": "I disagree",
        "userDefined": false
      }
    ],
    "isTemplate": false,
    "count": 2,
    "updated": 1520470718
  },
  {
    "id": "856265bf-5a2e-49da-a588-0585a3ea18d8",
    "data": [
      {
        "text": "I don\u0027t think so",
        "userDefined": false
      }
    ],
    "isTemplate": false,
    "count": 0,
    "updated": 1520470718
  },
  {
    "id": "6c26ccac-bc92-4c2d-972e-b5e95012190f",
    "data": [
      {
        "text": "not really",
        "userDefined": false
      }
    ],
    "isTemplate": false,
    "count": 0,
    "updated": 1520470718
  },
  {
    "id": "b73d694d-2bdb-48f9-a428-794d51eb48dc",
    "data": [
      {
        "text": "not interested",
        "userDefined": false
      }
    ],
    "isTemplate": false,
    "count": 0,
    "updated": 1520470718
  },
  {
    "id": "84196a16-35d1-49fc-b015-751976f826f0",
    "data": [
      {
        "text": "definitely not",
        "userDefined": false
      }
    ],
    "isTemplate": false,
    "count": 1,
    "updated": 1520470718
  },
  {
    "id": "26de1f92-fd9d-4079-86cb-108b49f52d39",
    "data": [
      {
        "text": "no",
        "userDefined": false
      }
    ],
    "isTemplate": false,
    "count": 1,
    "updated": 1520470718
  }
]