[
  {
    "id": "a356c0f8-dabe-49de-93ef-facb72f17662",
    "data": [
      {
        "text": "buona idea",
        "userDefined": false
      }
    ],
    "isTemplate": false,
    "count": 0,
    "updated": 1497443931
  },
  {
    "id": "bf5e6b21-a364-4ab2-9224-aac1d1dddb04",
    "data": [
      {
        "text": "proprio così",
        "userDefined": false
      }
    ],
    "isTemplate": false,
    "count": 0,
    "updated": 1497443931
  },
  {
    "id": "ca374ed2-3236-4921-ab82-5a691b0de4d5",
    "data": [
      {
        "text": "certo",
        "userDefined": false
      }
    ],
    "isTemplate": false,
    "count": 0,
    "updated": 1497443931
  },
  {
    "id": "63ed8707-78fd-4869-98d7-9e3e47f43cf6",
    "data": [
      {
        "text": "certamente",
        "userDefined": false
      }
    ],
    "isTemplate": false,
    "count": 0,
    "updated": 1497443931
  },
  {
    "id": "2d68d31a-b88e-4525-ba0b-d0681e35d80f",
    "data": [
      {
        "text": "non importa",
        "userDefined": false
      }
    ],
    "isTemplate": false,
    "count": 0,
    "updated": 1497443931
  },
  {
    "id": "4b041531-95ba-4f55-b34f-fb7117860127",
    "data": [
      {
        "text": "d\u0027accordo",
        "userDefined": false
      }
    ],
    "isTemplate": false,
    "count": 0,
    "updated": 1497443931
  },
  {
    "id": "434a32a8-4efc-4f10-920f-f953aaa4f525",
    "data": [
      {
        "text": "confermo",
        "userDefined": false
      }
    ],
    "isTemplate": false,
    "count": 0,
    "updated": 1497443931
  },
  {
    "id": "53e3612f-d6bf-4d74-aff5-42ee2671a288",
    "data": [
      {
        "text": "sì",
        "userDefined": false
      }
    ],
    "isTemplate": false,
    "count": 0,
    "updated": 1497443931
  },
  {
    "id": "b1a60627-d736-4e54-a1df-9332097075ba",
    "data": [
      {
        "text": "esatto",
        "userDefined": false
      }
    ],
    "isTemplate": false,
    "count": 0,
    "updated": 1497443931
  },
  {
    "id": "3b042a1c-8f25-4f14-89d0-d34aa925a4a2",
    "data": [
      {
        "text": "fallo",
        "userDefined": false
      }
    ],
    "isTemplate": false,
    "count": 0,
    "updated": 1497443931
  }
]