[
  {
    "id": "a3d70e5a-aaf9-4bc3-863d-a2e0a5577da7",
    "data": [
      {
        "text": "ne le fais pas",
        "userDefined": false
      }
    ],
    "isTemplate": false,
    "count": 1,
    "updated": 1497436840
  },
  {
    "id": "bee85f29-e483-419f-b7c6-eb5f58adf185",
    "data": [
      {
        "text": "je ne suis pas d\u0027accord",
        "userDefined": false
      }
    ],
    "isTemplate": false,
    "count": 1,
    "updated": 1497436840
  },
  {
    "id": "d749da69-a46b-4df0-aa42-2dde6612c827",
    "data": [
      {
        "text": "je ne crois pas",
        "userDefined": false
      }
    ],
    "isTemplate": false,
    "count": 2,
    "updated": 1497436840
  },
  {
    "id": "e9db1b3c-0d7c-4f16-a41a-8ea60a3de8b8",
    "data": [
      {
        "text": "non merci",
        "userDefined": false
      }
    ],
    "isTemplate": false,
    "count": 2,
    "updated": 1497436840
  },
  {
    "id": "dcfd2667-d371-4463-9649-2e335f13d9d1",
    "data": [
      {
        "text": "non",
        "userDefined": false
      }
    ],
    "isTemplate": false,
    "count": 3,
    "updated": 1497436840
  },
  {
    "id": "17a80cdf-a35e-4798-88c3-1c6a2eff85da",
    "data": [
      {
        "text": "ça ne m\u0027intéresse pas",
        "userDefined": false
      }
    ],
    "isTemplate": false,
    "count": 0,
    "updated": 1497436840
  },
  {
    "id": "74bc44a9-f28c-4450-8e0f-66ed9a999917",
    "data": [
      {
        "text": "pas vraiment",
        "userDefined": false
      }
    ],
    "isTemplate": false,
    "count": 0,
    "updated": 1497436840
  },
  {
    "id": "a09ac2a9-c8ce-4cc1-a180-73f511482909",
    "data": [
      {
        "text": "sûrement pas",
        "userDefined": false
      }
    ],
    "isTemplate": false,
    "count": 0,
    "updated": 1497436840
  },
  {
    "id": "ffe743c2-baa3-4dc4-ae43-57d63f4770c5",
    "data": [
      {
        "text": "je n\u0027en veux pas",
        "userDefined": false
      }
    ],
    "isTemplate": false,
    "count": 0,
    "updated": 1497436840
  }
]