[
  {
    "id": "329a4e8d-deb3-47df-a423-1023ce536d2a",
    "data": [
      {
        "text": "orange",
        "alias": "color",
        "meta": "@sys.color",
        "userDefined": true
      },
      {
        "text": " is my favorite",
        "userDefined": false
      }
    ],
    "isTemplate": false,
    "count": 0,
    "updated": 1523395048
  },
  {
    "id": "c4efd3a2-7c09-47d6-84a3-de619ef30e8f",
    "data": [
      {
        "text": "I love ",
        "userDefined": false
      },
      {
        "text": "yellow",
        "alias": "color",
        "meta": "@sys.color",
        "userDefined": false
      }
    ],
    "isTemplate": false,
    "count": 1,
    "updated": 1523395048
  },
  {
    "id": "76b7e69b-860c-4f05-b428-39d940667290",
    "data": [
      {
        "text": "pink",
        "alias": "color",
        "meta": "@sys.color",
        "userDefined": false
      }
    ],
    "isTemplate": false,
    "count": 0,
    "updated": 1523259353
  },
  {
    "id": "3ece79f4-89a3-4cd5-a3bc-a5642babc330",
    "data": [
      {
        "text": "my favorite color is ",
        "userDefined": false
      },
      {
        "text": "green",
        "alias": "color",
        "meta": "@sys.color",
        "userDefined": false
      }
    ],
    "isTemplate": false,
    "count": 0,
    "updated": 1523259353
  }
]