[
  {
    "id": "cf0caa85-95fc-4d13-b277-20b8f762e1b0",
    "data": [
      {
        "text": "bien sûr",
        "userDefined": false
      }
    ],
    "isTemplate": false,
    "count": 1,
    "updated": 1497436841
  },
  {
    "id": "aee9cf0a-f943-4884-9005-9a320abd0673",
    "data": [
      {
        "text": "d\u0027accord",
        "userDefined": false
      }
    ],
    "isTemplate": false,
    "count": 2,
    "updated": 1497436841
  },
  {
    "id": "ffc418dd-253e-430b-a454-8ca4bc00dc49",
    "data": [
      {
        "text": "c\u0027est correct",
        "userDefined": false
      }
    ],
    "isTemplate": false,
    "count": 0,
    "updated": 1497436841
  },
  {
    "id": "1987a8f6-8c22-460a-9898-8cb0f09f4849",
    "data": [
      {
        "text": "ça me va",
        "userDefined": false
      }
    ],
    "isTemplate": false,
    "count": 1,
    "updated": 1497436841
  },
  {
    "id": "7d349ef5-4821-4fd0-9689-fb189588fbff",
    "data": [
      {
        "text": "fais-le",
        "userDefined": false
      }
    ],
    "isTemplate": false,
    "count": 2,
    "updated": 1497436841
  },
  {
    "id": "78d278e5-d82a-41d3-9f60-28c168778128",
    "data": [
      {
        "text": "je suis d\u0027accord",
        "userDefined": false
      }
    ],
    "isTemplate": false,
    "count": 0,
    "updated": 1497436841
  },
  {
    "id": "2e1d39f8-c97a-4ba9-9ff3-deb5c97e3bc5",
    "data": [
      {
        "text": "exactement",
        "userDefined": false
      }
    ],
    "isTemplate": false,
    "count": 1,
    "updated": 1497436841
  },
  {
    "id": "a411a7eb-f2c0-44f4-8501-5f1e93c99f73",
    "data": [
      {
        "text": "confirmer",
        "userDefined": false
      }
    ],
    "isTemplate": false,
    "count": 0,
    "updated": 1497436841
  },
  {
    "id": "2a40ecc8-a6f2-48b6-aaa2-7c7195101e7e",
    "data": [
      {
        "text": "oui",
        "userDefined": false
      }
    ],
    "isTemplate": false,
    "count": 1,
    "updated": 1497436841
  }
]