[
  {
    "id": "a03dce4a-8663-416d-aac2-48107be6710d",
    "data": [
      {
        "text": "buona idea",
        "userDefined": false
      }
    ],
    "isTemplate": false,
    "count": 0,
    "updated": 1497443931
  },
  {
    "id": "6e3b3d4a-4585-4b5f-ac21-68e46573c4b1",
    "data": [
      {
        "text": "proprio così",
        "userDefined": false
      }
    ],
    "isTemplate": false,
    "count": 0,
    "updated": 1497443931
  },
  {
    "id": "ea2aa5c2-7df2-4dd7-9145-8ae22dfe27f9",
    "data": [
      {
        "text": "certo",
        "userDefined": false
      }
    ],
    "isTemplate": false,
    "count": 0,
    "updated": 1497443931
  },
  {
    "id": "9b62029e-cfff-40d8-ac7f-0e62601723b0",
    "data": [
      {
        "text": "certamente",
        "userDefined": false
      }
    ],
    "isTemplate": false,
    "count": 0,
    "updated": 1497443931
  },
  {
    "id": "31a23d7a-cabf-4a5f-a39e-b411363eee54",
    "data": [
      {
        "text": "non importa",
        "userDefined": false
      }
    ],
    "isTemplate": false,
    "count": 0,
    "updated": 1497443931
  },
  {
    "id": "0bcd8275-5b29-4074-94d8-bba849fa1019",
    "data": [
      {
        "text": "d\u0027accordo",
        "userDefined": false
      }
    ],
    "isTemplate": false,
    "count": 0,
    "updated": 1497443931
  },
  {
    "id": "fbd96a8b-fde1-4e04-a1e3-f2d7ee9372b1",
    "data": [
      {
        "text": "confermo",
        "userDefined": false
      }
    ],
    "isTemplate": false,
    "count": 0,
    "updated": 1497443931
  },
  {
    "id": "5d4c2e9f-7b46-4e0d-a396-4c260fe8a186",
    "data": [
      {
        "text": "sì",
        "userDefined": false
      }
    ],
    "isTemplate": false,
    "count": 0,
    "updated": 1497443931
  },
  {
    "id": "853dd558-b2cc-470e-8e8c-2b533c10b57c",
    "data": [
      {
        "text": "esatto",
        "userDefined": false
      }
    ],
    "isTemplate": false,
    "count": 0,
    "updated": 1497443931
  },
  {
    "id": "eaf17a18-522e-41d2-b326-c160ce6fc85e",
    "data": [
      {
        "text": "fallo",
        "userDefined": false
      }
    ],
    "isTemplate": false,
    "count": 0,
    "updated": 1497443931
  }
]