[
  {
    "id": "f4d79401-b39f-4cfc-a513-ce31ecb021c4",
    "data": [
      {
        "text": "blue grey coffee",
        "alias": "fakeColor",
        "meta": "@fakeColor",
        "userDefined": false
      }
    ],
    "isTemplate": false,
    "count": 1,
    "updated": 1524155487
  },
  {
    "id": "75433bae-fc81-40f1-8416-f486b36b2340",
    "data": [
      {
        "text": "indigo taco",
        "alias": "fakeColor",
        "meta": "@fakeColor",
        "userDefined": false
      }
    ],
    "isTemplate": false,
    "count": 0,
    "updated": 1524155487
  },
  {
    "id": "ee58216b-dab8-4570-94dd-402ed152e6e9",
    "data": [
      {
        "text": "pink unicorn",
        "alias": "fakeColor",
        "meta": "@fakeColor",
        "userDefined": false
      }
    ],
    "isTemplate": false,
    "count": 0,
    "updated": 1524155487
  }
]