[
  {
    "id": "16f45812-c894-4f48-b910-318ae44b423c",
    "data": [
      {
        "text": "orange",
        "alias": "color",
        "meta": "@sys.color",
        "userDefined": true
      },
      {
        "text": " is my favorite",
        "userDefined": false
      }
    ],
    "isTemplate": false,
    "count": 0,
    "updated": 1523395048
  },
  {
    "id": "8490b482-69a3-4f15-9654-582230226430",
    "data": [
      {
        "text": "I love ",
        "userDefined": false
      },
      {
        "text": "yellow",
        "alias": "color",
        "meta": "@sys.color",
        "userDefined": false
      }
    ],
    "isTemplate": false,
    "count": 1,
    "updated": 1523395048
  },
  {
    "id": "d632f51b-0452-467e-96e2-790b4ee1e218",
    "data": [
      {
        "text": "pink",
        "alias": "color",
        "meta": "@sys.color",
        "userDefined": false
      }
    ],
    "isTemplate": false,
    "count": 0,
    "updated": 1523259353
  },
  {
    "id": "e5b6473e-9dea-4133-892a-790215099956",
    "data": [
      {
        "text": "my favorite color is ",
        "userDefined": false
      },
      {
        "text": "green",
        "alias": "color",
        "meta": "@sys.color",
        "userDefined": false
      }
    ],
    "isTemplate": false,
    "count": 0,
    "updated": 1523259353
  }
]