[
  {
    "id": "010b2539-6fba-4ac7-82bb-caa167320845",
    "data": [
      {
        "text": "non credo",
        "userDefined": false
      }
    ],
    "isTemplate": false,
    "count": 0,
    "updated": 1497443930
  },
  {
    "id": "72a9e9f8-25b9-4b98-aa17-79d8145ae932",
    "data": [
      {
        "text": "no grazie",
        "userDefined": false
      }
    ],
    "isTemplate": false,
    "count": 0,
    "updated": 1497443930
  },
  {
    "id": "d767ea45-0738-4c04-9844-68a5b674d653",
    "data": [
      {
        "text": "non farlo",
        "userDefined": false
      }
    ],
    "isTemplate": false,
    "count": 0,
    "updated": 1497443930
  },
  {
    "id": "06b071a4-4b43-45ec-99b7-dadfb8d3ea64",
    "data": [
      {
        "text": "non proprio",
        "userDefined": false
      }
    ],
    "isTemplate": false,
    "count": 0,
    "updated": 1497443930
  },
  {
    "id": "f39d968d-54db-4bea-bcf8-3a640467f53d",
    "data": [
      {
        "text": "assolutamente no",
        "userDefined": false
      }
    ],
    "isTemplate": false,
    "count": 0,
    "updated": 1497443930
  },
  {
    "id": "0c0ef21e-30ec-45b0-a4e1-e3839665b714",
    "data": [
      {
        "text": "no",
        "userDefined": false
      }
    ],
    "isTemplate": false,
    "count": 1,
    "updated": 1497443930
  },
  {
    "id": "e8c609ab-6e9a-4b09-a9d5-7c6bd0381b60",
    "data": [
      {
        "text": "non voglio",
        "userDefined": false
      }
    ],
    "isTemplate": false,
    "count": 0,
    "updated": 1497443930
  },
  {
    "id": "f6e8287f-670b-4cbb-a78c-2b32b43d67be",
    "data": [
      {
        "text": "non sono d\u0027accordo",
        "userDefined": false
      }
    ],
    "isTemplate": false,
    "count": 0,
    "updated": 1497443930
  },
  {
    "id": "8384dedd-5a3a-4d07-9e1d-0dc46833d911",
    "data": [
      {
        "text": "non mi interessa",
        "userDefined": false
      }
    ],
    "isTemplate": false,
    "count": 0,
    "updated": 1497443930
  }
]