[
  {
    "id": "1dbd4748-3e02-44ec-ac12-c9fc5a88cc18",
    "data": [
      {
        "text": "blue grey coffee",
        "alias": "fakeColor",
        "meta": "@fake-color",
        "userDefined": false
      }
    ],
    "isTemplate": false,
    "count": 1,
    "updated": 1523401280
  },
  {
    "id": "fa761b73-70ed-4691-a256-231bd21c79ed",
    "data": [
      {
        "text": "indigo taco",
        "alias": "fakeColor",
        "meta": "@fake-color",
        "userDefined": false
      }
    ],
    "isTemplate": false,
    "count": 0,
    "updated": 1523401280
  },
  {
    "id": "048260ce-0d53-42d2-acd0-873956d62064",
    "data": [
      {
        "text": "pink unicorn",
        "alias": "fakeColor",
        "meta": "@fake-color",
        "userDefined": false
      }
    ],
    "isTemplate": false,
    "count": 0,
    "updated": 1523401280
  }
]