[
  {
    "id": "e7feaa4b-1aaf-4b26-8cf4-0880c3883222",
    "data": [
      {
        "text": "ne le fais pas",
        "userDefined": false
      }
    ],
    "isTemplate": false,
    "count": 1,
    "updated": 1497436840
  },
  {
    "id": "9fff3fcc-3f21-4b90-9f57-3c51ee72aa32",
    "data": [
      {
        "text": "je ne suis pas d\u0027accord",
        "userDefined": false
      }
    ],
    "isTemplate": false,
    "count": 1,
    "updated": 1497436840
  },
  {
    "id": "22cb187b-dc5d-4534-a54a-d0ee9039ab13",
    "data": [
      {
        "text": "je ne crois pas",
        "userDefined": false
      }
    ],
    "isTemplate": false,
    "count": 2,
    "updated": 1497436840
  },
  {
    "id": "99334f35-fa25-4fd9-affb-86bd484ae92e",
    "data": [
      {
        "text": "non merci",
        "userDefined": false
      }
    ],
    "isTemplate": false,
    "count": 2,
    "updated": 1497436840
  },
  {
    "id": "bf6cd595-6d26-415a-a253-ba204d459c88",
    "data": [
      {
        "text": "non",
        "userDefined": false
      }
    ],
    "isTemplate": false,
    "count": 3,
    "updated": 1497436840
  },
  {
    "id": "34ec0432-48ee-4648-8ba7-1fa6af20df39",
    "data": [
      {
        "text": "ça ne m\u0027intéresse pas",
        "userDefined": false
      }
    ],
    "isTemplate": false,
    "count": 0,
    "updated": 1497436840
  },
  {
    "id": "f5ec9b86-5677-4dd7-9f92-6bdde3f8bc5d",
    "data": [
      {
        "text": "pas vraiment",
        "userDefined": false
      }
    ],
    "isTemplate": false,
    "count": 0,
    "updated": 1497436840
  },
  {
    "id": "70956248-88cc-4bf2-b03a-5105d77834e6",
    "data": [
      {
        "text": "sûrement pas",
        "userDefined": false
      }
    ],
    "isTemplate": false,
    "count": 0,
    "updated": 1497436840
  },
  {
    "id": "e33ec9a5-7c8d-481c-933a-101aaac60fe9",
    "data": [
      {
        "text": "je n\u0027en veux pas",
        "userDefined": false
      }
    ],
    "isTemplate": false,
    "count": 0,
    "updated": 1497436840
  }
]