[
  {
    "id": "f17c672b-0d8a-491a-b290-a1109f89ecc7",
    "data": [
      {
        "text": "non credo",
        "userDefined": false
      }
    ],
    "isTemplate": false,
    "count": 0,
    "updated": 1497443930
  },
  {
    "id": "b9f9182b-2de2-490c-94cd-980bb9889ad3",
    "data": [
      {
        "text": "no grazie",
        "userDefined": false
      }
    ],
    "isTemplate": false,
    "count": 0,
    "updated": 1497443930
  },
  {
    "id": "ce568525-4afc-4875-803f-052eacca8e28",
    "data": [
      {
        "text": "non farlo",
        "userDefined": false
      }
    ],
    "isTemplate": false,
    "count": 0,
    "updated": 1497443930
  },
  {
    "id": "a746adcf-8c5a-4ef5-b22c-8072840dbebd",
    "data": [
      {
        "text": "non proprio",
        "userDefined": false
      }
    ],
    "isTemplate": false,
    "count": 0,
    "updated": 1497443930
  },
  {
    "id": "7bf2f764-23a2-47d9-9438-8fbf7dedf555",
    "data": [
      {
        "text": "assolutamente no",
        "userDefined": false
      }
    ],
    "isTemplate": false,
    "count": 0,
    "updated": 1497443930
  },
  {
    "id": "e3e716d6-961b-4cb7-9a6f-ca035c72d1a9",
    "data": [
      {
        "text": "no",
        "userDefined": false
      }
    ],
    "isTemplate": false,
    "count": 1,
    "updated": 1497443930
  },
  {
    "id": "1009e354-70c4-49bc-af06-0df880be5d01",
    "data": [
      {
        "text": "non voglio",
        "userDefined": false
      }
    ],
    "isTemplate": false,
    "count": 0,
    "updated": 1497443930
  },
  {
    "id": "43b762f8-48bb-4586-a634-cc4bdbd2a2b7",
    "data": [
      {
        "text": "non sono d\u0027accordo",
        "userDefined": false
      }
    ],
    "isTemplate": false,
    "count": 0,
    "updated": 1497443930
  },
  {
    "id": "4a22333e-b37b-4eec-83e8-b491163b0630",
    "data": [
      {
        "text": "non mi interessa",
        "userDefined": false
      }
    ],
    "isTemplate": false,
    "count": 0,
    "updated": 1497443930
  }
]