[
  {
    "id": "4df084c6-ab76-4343-b082-e0e7ab0f7c14",
    "data": [
      {
        "text": " Il ",
        "userDefined": false
      },
      {
        "text": "mio",
        "meta": "@sys.ignore",
        "userDefined": false
      },
      {
        "text": " colore preferito e\u0027 ",
        "userDefined": false
      },
      {
        "text": "verde",
        "alias": "color",
        "meta": "@sys.color",
        "userDefined": true
      }
    ],
    "isTemplate": false,
    "count": 0,
    "updated": 1534446794
  },
  {
    "id": "0495c943-fd67-4a04-9760-56afaad63eab",
    "data": [
      {
        "text": " ",
        "userDefined": false
      },
      {
        "text": "Rosa",
        "alias": "color",
        "meta": "@sys.color",
        "userDefined": true
      }
    ],
    "isTemplate": false,
    "count": 0,
    "updated": 1534446794
  },
  {
    "id": "1c150f65-e06f-49cb-951f-99a40836929c",
    "data": [
      {
        "text": " Mi piace il ",
        "userDefined": false
      },
      {
        "text": "giallo",
        "alias": "color",
        "meta": "@sys.color",
        "userDefined": true
      }
    ],
    "isTemplate": false,
    "count": 0,
    "updated": 1534446794
  },
  {
    "id": "03c5d903-9490-4a71-ab1c-f864613fbaba",
    "data": [
      {
        "text": " ",
        "userDefined": false
      },
      {
        "text": "Arancione",
        "alias": "color",
        "meta": "@sys.color",
        "userDefined": true
      },
      {
        "text": " e\u0027 il ",
        "userDefined": false
      },
      {
        "text": "mio",
        "meta": "@sys.ignore",
        "userDefined": false
      },
      {
        "text": " preferito",
        "userDefined": false
      }
    ],
    "isTemplate": false,
    "count": 0,
    "updated": 1534446704
  }
]