[
  {
    "id": "177261dc-a3d6-4240-9e8f-3d862b8ba399",
    "data": [
      {
        "text": "blue grey coffee",
        "alias": "fakeColor",
        "meta": "@fake-color",
        "userDefined": false
      }
    ],
    "isTemplate": false,
    "count": 1,
    "updated": 1523401280
  },
  {
    "id": "e2c38ca0-927c-4bc0-96da-bd0fc43a3fe2",
    "data": [
      {
        "text": "indigo taco",
        "alias": "fakeColor",
        "meta": "@fake-color",
        "userDefined": false
      }
    ],
    "isTemplate": false,
    "count": 0,
    "updated": 1523401280
  },
  {
    "id": "378b1c04-f048-45b0-9b36-169ead8f06c6",
    "data": [
      {
        "text": "pink unicorn",
        "alias": "fakeColor",
        "meta": "@fake-color",
        "userDefined": false
      }
    ],
    "isTemplate": false,
    "count": 0,
    "updated": 1523401280
  }
]