[
  {
    "id": "77311948-d7f8-451c-a2b3-152b0babdba7",
    "data": [
      {
        "text": "blue grey coffee",
        "alias": "fakeColor",
        "meta": "@fakeColor",
        "userDefined": false
      }
    ],
    "isTemplate": false,
    "count": 1,
    "updated": 1524155487
  },
  {
    "id": "684bcc7d-de04-4457-b800-e335eeadbd41",
    "data": [
      {
        "text": "indigo taco",
        "alias": "fakeColor",
        "meta": "@fakeColor",
        "userDefined": false
      }
    ],
    "isTemplate": false,
    "count": 0,
    "updated": 1524155487
  },
  {
    "id": "de24bbe4-18e6-4111-82bd-68428aac3941",
    "data": [
      {
        "text": "pink unicorn",
        "alias": "fakeColor",
        "meta": "@fakeColor",
        "userDefined": false
      }
    ],
    "isTemplate": false,
    "count": 0,
    "updated": 1524155487
  }
]