[
  {
    "id": "65faa0f7-a3ff-4dbf-b27f-ba24889e0a09",
    "data": [
      {
        "text": " ",
        "userDefined": false
      },
      {
        "text": "Caffe\u0027 blu grigio",
        "alias": "fakeColor",
        "meta": "@fakeColor",
        "userDefined": true
      }
    ],
    "isTemplate": false,
    "count": 0,
    "updated": 1534446816
  },
  {
    "id": "48a5d308-f33b-4f3b-85d7-b416d7ef5e25",
    "data": [
      {
        "text": " ",
        "userDefined": false
      },
      {
        "text": "Pizza indaco",
        "alias": "fakeColor",
        "meta": "@fakeColor",
        "userDefined": true
      }
    ],
    "isTemplate": false,
    "count": 0,
    "updated": 1534446816
  },
  {
    "id": "d7eb9e70-6191-451e-ab52-7d493f7f680c",
    "data": [
      {
        "text": " ",
        "userDefined": false
      },
      {
        "text": "Unicorno rosa",
        "alias": "fakeColor",
        "meta": "@fakeColor",
        "userDefined": true
      }
    ],
    "isTemplate": false,
    "count": 0,
    "updated": 1534446816
  }
]