[
  {
    "id": "a810a22b-3525-4b1d-bbda-31cb4b525302",
    "data": [
      {
        "text": "peace",
        "userDefined": false
      }
    ],
    "isTemplate": false,
    "count": 0,
    "updated": 1524032873
  },
  {
    "id": "bf5cfceb-c7f9-477b-86c8-ae4a466f016f",
    "data": [
      {
        "text": "peace out",
        "userDefined": false
      }
    ],
    "isTemplate": false,
    "count": 0,
    "updated": 1524032873
  },
  {
    "id": "7876315f-33bf-4d4a-8be9-3ebd17d8dc31",
    "data": [
      {
        "text": "later",
        "userDefined": false
      }
    ],
    "isTemplate": false,
    "count": 0,
    "updated": 1524032873
  }
]