[
  {
    "id": "fbc7aceb-3578-4b41-9fc9-0c26eab893e2",
    "data": [
      {
        "text": "peace",
        "userDefined": false
      }
    ],
    "isTemplate": false,
    "count": 0,
    "updated": 1524032873
  },
  {
    "id": "34fecf22-1c5c-49a8-9ffb-c83778a44625",
    "data": [
      {
        "text": "peace out",
        "userDefined": false
      }
    ],
    "isTemplate": false,
    "count": 0,
    "updated": 1524032873
  },
  {
    "id": "fd9f4cbf-173d-46eb-92eb-7d179a833b45",
    "data": [
      {
        "text": "later",
        "userDefined": false
      }
    ],
    "isTemplate": false,
    "count": 0,
    "updated": 1524032873
  }
]