[
  {
    "id": "477186b2-f2a0-4528-bed8-062e39b3bfb0",
    "data": [
      {
        "text": "blue grey coffee",
        "alias": "fakeColor",
        "meta": "@fake-color",
        "userDefined": false
      }
    ],
    "isTemplate": false,
    "count": 1,
    "updated": 1523401280
  },
  {
    "id": "c9040926-def7-4b35-9ade-f3fb4970e140",
    "data": [
      {
        "text": "indigo taco",
        "alias": "fakeColor",
        "meta": "@fake-color",
        "userDefined": false
      }
    ],
    "isTemplate": false,
    "count": 0,
    "updated": 1523401280
  },
  {
    "id": "e8aaad62-c945-46e9-9153-5ce5f8549325",
    "data": [
      {
        "text": "pink unicorn",
        "alias": "fakeColor",
        "meta": "@fake-color",
        "userDefined": false
      }
    ],
    "isTemplate": false,
    "count": 0,
    "updated": 1523401280
  }
]